,mean_abs_shap
flight_rate,0.23789539849464847
origin_hour_rate,0.17970480234976535
d_precipitation_day,0.12788811412877146
o_precipitation_day,0.12535122853617894
dep_hour,0.12452656370560902
dow,0.11862159573115337
days_to_holiday,0.10826255335380443
month,0.0775499330135315
arr_hour,0.07615803302499154
origin_rate,0.07604007686158838
crs_elapsed,0.07585127026914176
distance,0.07293622762817074
dest_hour_volume,0.06599645361941806
turnaround,0.06289504060747071
carrier_dest_rate,0.053746035193830886
route_rate,0.052798012702472426
origin_hour_volume,0.05014370054814138
carrier_origin_rate,0.048292921552583565
o_wind_gusts_10m,0.03808236062200877
carrier_rate,0.0348373423203729
d_temperature_2m,0.03478692460811113
d_wind_gusts_10m,0.03267501525550792
o_temperature_2m,0.03149126140805087
leg_index,0.029141064121008402
dest_rate,0.025441248921814263
d_cloud_cover,0.02464284964980761
aircraft_rate,0.024230984701639435
d_cloud_cover_low,0.024052416725329526
o_precipitation,0.023453285122490182
o_cloud_cover,0.02295699644297772
o_cloud_cover_low,0.022257538239886323
o_weather_code,0.021188959982965574
o_wind_speed_10m,0.02039708371076628
seats,0.01773672810930768
d_precipitation,0.017735839347205462
d_weather_code,0.015240990151711358
d_wind_speed_10m,0.014713640028794559
inbound_rate,0.013134008136757596
aircraft_age,0.012245026936132147
o_snowfall_day,0.011440033957976003
regional,0.0059695093716815185
d_snowfall_day,0.00448174358624818
o_snowfall,0.0008204366396629289
d_snowfall,0.0002049402877641994
